pollutant,mortality,pearson_r,pearson_p,spearman_rho,spearman_p,n,significant
PM25,crude_rate,0.723,3.009424976221192e-09,0.733,1.4247917744623931e-09,50,True
PM25,age_standardized_rate,0.814,6.807262209677974e-13,0.811,9.667037597599762e-13,50,True
PM10,crude_rate,0.655,2.5041602915931846e-07,0.701,1.4821055761588654e-08,50,True
PM10,age_standardized_rate,0.716,4.944941319281638e-09,0.752,3.11910646921312e-10,50,True
