model,coef,se,p_value,r_squared,n,effect_pct
Pooled OLS,5.062,1.247,4.9325616260868175e-05,0.113,192,
Alcaldía FE,6.669,1.233,6.306262051605693e-08,0.443,192,
Two-Way FE,2.102,1.239,0.08995735845553979,0.646,192,
Log-Linear (Two-Way FE),0.2067,0.1474,0.16078541840604488,0.615,192,22.96
