sex,coef,se,p_value,r_squared,n
Male,1.715,1.166,0.14130689311356961,0.642,192
Female,0.387,1.177,0.7424569331527515,0.271,192
